nombre;;;
SHELL HELIX ULTRA 0W20;;;
SHELL HELIX ULTRA 5W40;;;
SHELL HELIX ULTRA 5W30;;;
SHELL HELIX HX8 5W30;;;
SHELL HELIX HX7 10W30;;;
SHELL HELIX HX7 10W40;;;
SHELL HELIX HX7 HM 5W30;;;
SHELL HELIX HX5 20W50 (SL/ CFA2);;;
SHELL HELIX HX5 HM 10W30;;;
SHELL HELIX HX5 10W40;;;
SHELL HELIX HX5 10W40 ;;;
SHELL HELIX HX5 10W30;;;
SHELL HELIX HX5 G 15W40;;;
SHELL HELIX HX5G GAS 20W50;;;
SHELL HELIX HX3K 25W60;;;
SHELL HELIX HX3 40;;;
SHELL HELIX HX3 50;;;
SHELL ADVANCE S2;;;
SHELL ADVANCE SX4 20W50;;;
SHELL RIMULA R2 40;;;
SHELL RIMULA R2 50;;;
SHELL RIMULA R2 MULT 25W50;;;
SHELL RIMULA R3 X 15W40;;;
SHELL RIMULA R4 X 15W40;;;
SHELL RIMULA R5 E 10W40;;;
SHELL RIMULA R6 LM 10W40;;;
SHELL SPIRAX S2 ATF D2;;;
SHELL SPIRAX S3 AT MD3;;;
SHELL SPIRAX S2 A 80W90;;;
SHELL SPIRAX S2 A 85W140;;;
SHELL SPIRAX S2 A 90;;;
SHELL SPIRAX S2 A 140;;;
SHELL RIMULA R2 40 CF;;;
SHELL RIMULA R2 50 CF;;;
SHELL RIMULA R2 MULTI 25W50 CF 4;;;
SHELL RIMULA R3 TURBO 15W40;;;
SHELL RIMULA R4X 15W40 CI 4;;;
SHELL RIMULA R4L 15W40 CK 4;;;
SHELL RIMULA R5 E 10W40;;;
SHELL SPIRAX S2 ATF D2;;;
SHELL SPIRAX S4 CX 10W;;;
SHELL SPIRAX S4 TXM (10W-30);;;
SHELL SPIRAX S4 CX 30;;;
SHELL SPIRAX S4 CX 50;;;
SHELL SPIRAX S1 G 90 GL1;;;
SHELL SPIRAX S1 G 140 GL1;;;
SHELL SPIRAX S2 A 80W90 GL5;;;
SHELL SPIRAX S2 A 85W140 GL5;;;
SHELL SPIRAX S2 A 90 GL5;;;
SHELL SPIRAX S2 A 140 GL5;;;
SHELL SPIRAX S3 G 80W GL4;;;
SHELL TELLUS S2 MX 46;;;
SHELL TELLUS S2 MX 68;;;
SHELL TELLUS S2 MX 100;;;
SHELL GADUS S2 V220 2 ( ALVANIA EP-2);;;
SHELL OMALA S2 GX 68;;;
SHELL OMALA S2 GX 100;;;
SHELL OMALA S2 GX 150;;;
SHELL OMALA S2 GX 220;;;
SHELL OMALA S2 GX 320;;;
SHELL OMALA S2 GX 460;;;
SHELL OMALA S2 GX 680;;;
SHELL AIR TOOL OIL S2 A 100;;;
REFRIGERANTE 3 M 33%;;;
SHELL TONA S3 M 68;;;
SHELL HYDRAULIC S1 M 68;;;
SHELL CORENA S3 R 46;;;
SHELL SPIRAX S3 ATF MD3;;;
REFRIGERANTE PRIMAX COOLANT 50/50;;;
SHELL QS ADV DURABILITY 20W50;;;
SHELL QS DEFY 10W40;;;
SHELL QS DEFY 10W30;;;
SHELL QS ULT DURABILITY 5W3;;;
SHELL QS HD 40 SN;;;
MOBIL ATF 220 AUTOMATICO;;;
MOBIL ATF MULTIPUP DEX III;;;
MOBIL DELVAC TURBO 25W60;;;
MOBIL HD 80W90;;;
MOBIL HD 85W140;;;
MOBIL HD  85W140;;;
MOBILUBE GX 80W90 GL4;;;
MOBIL DELVAC 1450;;;
MOBIL DELVAC 1440;;;
MOBIL DELVAC MX 15W40 CK4;;;
MOBIL DELVAC TURBO 25W50;;;
MOBIL DELVAC MX 15W40  CI4;;;
MOBIL DELVAC MX 15W40 CI4;;;
MOBIL DELVAC MODERN 10W40 ADV PROT;;;
MOBIL HD 40;;;
MOBIL HD 50;;;
MOBIL SUPER MULTIGRADO L 20W50;;;
MOBIL SUPER MULTIGRADO L 10W30;;;
MOBIL SUPER 2000 X2 5W30 SEMISENTITETICO;;;
MOBIL SUPER 2000 10W30 SEMISENTITETICO;;;
MOBIL SUPER 2000 X2 10W40 SEMISENTITETICO;;;
MOBILSPECIAL 25W50;;;
MOBILSPECIAL 25W60;;;
MOBILSPECIAL 20W50;;;
MOBILSPECIAL 10W30;;;
MOBIL 1 5W40;;;
MOBIL 1 0W40;;;
MOBIL 1 5W30;;;
MOBIL 1 5W50;;;
MOBIL 5000 5W30;;;
MOBIL SUPER GAS 10W30;;;
MOBIL SUPER GAS 20W50;;;
MOBIL SUPER GAS 5W30;;;
MOBIL SUPER 3000 XE 5W30 SUPER SINTETICO;;;
MOBIL SUPER 3000 5W30 SUPER 100%  SINTETICO  ;;;
MOBIL SUPER 4T 3R 20W50;;;
MOBIL SUPER 4T 20W50;;;
MOBIL SUPER 4T 25W50;;;
MOBIL 15W40 4T ;;;
HONDA 20W50;;;
HONDA 4T 10W30 SEMI;;;
MOBIL DT 25;;;
MOBIL DT 26 ;;;
MOBIL FLUID 424;;;
CASTROL VECTON 15W40 CK4/E9;;;
CASTROL VECTON LD CK4/E9 15W40;;;
CASTROL VECTON CI 4 15W40;;;
CASTROL CRB TURBOMAX CI4 15W40;;;
CASTROL CRB VISCUS 25W60;;;
CASTROL MAGNATEC 5W30 C3 FULL SINTETICO;;;
CASTROL MAGNATEC 5W30 A5 FULL SINTETICO;;;
CASTROL MAGNATEC 5W30 C3 MINERAL IMPORTADO;;;
CASTROL MAGNATEC 20W50;;;
CASTROL MAGNATEC 10W40;;;
CASTROL MAGNATEC 10W30;;;
CASTROL GTX 20W50;;;
CASTROL GTX 10W30;;;
CASTROL GTX GAS 20W50;;;
CASTROL GTX ALTO KM;;;
CASTROL NUEVO HD 40;;;
CASTROL NUEVO HD 50;;;
CASTROL ACTEVO 4T 20W50;;;
CASTROL 2T 100X160 ML;;;
CASTROL GO4T 25W60;;;
CASTROL AXLE 80W90;;;
CASTROL AXLE 85W140;;;
CASTROL AXLE LIMITED SLIP 85W140;;;
CASTROL TRANSMAX DEX/MER ATF MERCON III;;;
CASTROL TRANSMAX IMPORT MULTI VEH MERCON III-V;;;
CASTROL TRANSMAX IMPORT MULTI VEH MERCON VI;;;
CASTROL TRANSMAX SYNTHETIC MV;;;
CASTROL TRANSMAX CVT FULL SINTETICO;;;
CASTROL TRANSMAX CVT MINERAL;;;
CASTROL TRANSMAX UNI LL 75W90;;;
CASTROL EDGE TURBO DIESEL 5W40;;;
CASTROL EDGE TURBO DIESEL 5W40;;;
CASTROL EDGE ADV FULL GASOLINERO 5W40;;;
CASTROL EDGE 0W20;;;
CASTROL EDGE 0W30;;;
CASTROL EDGE 5W40;;;
CASTROL EDGE 5W30;;;
CASTROL EDGE TITANIUM 5W30 LL;;;
CASTROL GTX ULTRACLEAN 5W30;;;
CASTROL ENGINE SHAMPOO ;;;
CASTROL HYSPIN AWS 68;;;
REFRIGERANTE MAX COOL 33%;;;
REFRIGERANTE MAX COOL 50%;;;
CASTROL AXLE LIMITED SLIP 80W90;;;
CAM2 GEAR 80W90 GL5;;;
CAM2 GEAR 85W140 GL5;;;
CAM2 GEAR LUBRICANT 85W140 GL5;;;
CAM2 GEAR LUBRICANT 80W90 GL5;;;
CAM2 MAGMUN MOTOR OIL 40 SF;;;
CAM2 MAGMUN MOTOR OIL 50 SF;;;
CAM2 MAGNUN MGT TITANIUM FORCE 20W50 SN;;;
CAM2 MAGNUM HIGH KILOMETRAJE 25W60 SG;;;
CAM2 FORCE PRO SYNTHETIC BLENG SP 10W30 SN;;;
CAM2 FORCE FULL SYNTHETIC SYNAVEX SAE 5W30;;;
CAM2 TURBO POWRE 25W60 XV CF-4;;;
CAM2 TURBO SUPER HD TITANIUM FORCE 15W40 CI-4;;;
CAM2 SUPER XHD PREMIUM SYNBLEND 15W40 CK-4;;;
CAM2 TURBO PLUS SAE 15W40 CF-4;;;
CAM2 TURBO PLUS SAE 25W-50 CF-4;;;
CAM2 TURBO VIS SAE 25W70 CF-4;;;
CAM2 GL-1 90;;;
CAM2 GL-1 140;;;
CAM2 GL-1 250;;;
CAM2 HYDROFLUID AW ISO 68;;;
CAM2 HYDRATRACTOR HTF FLUID SAE 10W30;;;
CAM2 RACE 2 NLG2;;;
CAM2 RACE 3 NLG3;;;
CAM2 MP RED GREASE NLG 3 LD;;;
CAM2 MP RED GREASE NLGI 3;;;
CAM2 GOLDEN;;;
CAM2 RODACAM HD GREASE 3;;;
CAM2 LITHIUM MULTIPURPOSE GREASE EP-2;;;
CAM2 MP BLUE GREASE EP2 ;;;
CAM2 MP BLUE GREASE EP2;;;
CAM2 MP RED GREASE NLG 3;;;
CAM2 REFRIGERANTE 50/50;;;
CAM2 MPT TORQUE FLUIT TO-4 SAE 30;;;
CAM2 MPT TORQUE FLUIT TO-4 SAE 50;;;
CAM2 MPT TORQUE FLUIT TO-4 SAE 10W;;;
CHEVRON URSA SUPER PLUS CK-4 15W40;;;
CHEVRON URSA PREMIUM TDX 15W40;;;
CHEVRON DELO 400 MGX CK-4 15W40;;;
CHEVRON DELO 400 MGX CJ-4 15W40;;;
CHEVRON DELO GOLD ULTRA MAX CI-4 15W40;;;
CHEVRON URSA PRENIUM TDX 15W40 CI-4;;;
CHEVRON DELO 400 MGX 15W40;;;
CHEVRON SUPREME 20W50;;;
CHEVROM SUPREME 10W30;;;
CHEVROM SUPREME 10W40;;;
CHEVROM HAVOLINE FULL SY 5W30;;;
CHEVRON HAVOLINE GLOBAL MV ATF;;;
CHEVRON ATF MD-3;;;
CHEVRON MARFAK HEAVY DUTY 3 HD;;;
CHEVRON MARFAK HEAVY DUTY 3B;;;
CHEVRON MARFAK HEAVY DUTY 2;;;
CHEVRON MOLY GREASE EP NLGI 2;;;
CHEVRON DELO GEAR EP-5 80W90;;;
CHEVRON DELO GEAR EP-5 85W140;;;
CHEVRON RANDO 68;;;
CHEVRON CAPELLA WF 68;;;
PEAK PC MOTOR OIL SAE 10W30;;;
PEAK SAE 50;;;
PEAK SAE 25W60;;;
PEAK GEAR GL-5 85W140;;;
PEAK GEAR GL-5 80W90;;;
PEAK SEMI SYNTH SN/GF-5 10W30;;;
PEAK REFRIGERANTE 33 %;;;
PEAK REFRIGERANTE 17 %;;;
PEAK REFRIGERANTE 96 %;;;
PEAK REFRIGERANTE 50 %;;;
HYUNDAI XTEER SYN G700 5W30 ;;;
HYUNDAI XTEER SYN G700 10W30 ;;;
HYUNDAI XTEER SYN G700 10W40 ;;;
HYUNDAI XTEER G 7000 10W40;;;
HYUNDAI XTEER ULTRA 5W30;;;
HYUNDAI XTEER ULTRA G800 5W30;;;
HYUNDAI XTEER G700 20W50 ;;;
HYUNDAI XTEER DIESEL HD7000 CI-4 15W40 ;;;
HYUNDAI XTEER DIESEL HD7000 CI-4 15W40;;;
HYUNDAI DIESEL ULTRA 5W40;;;
HYUNDAI XTEER G500 20W50  MINERAL;;;
HYUNDAI GEAR OIL-GL 5  80W90;;;
HYUNDAI GEAR OIL-GL4 80W90;;;
HYUNDAI  85W140  GL-5;;;
HYUNDAI CVT;;;
HYUNDAI ATF MULTI-V LV;;;
HYUNDAI ATF III;;;
HYUNDAI ATF SP-4 100% SINTETICO;;;
TOYOTA MOTOR OIL SAE 10W30 GAS;;;
TOYOTA MOTOR OIL SAE 10W30 GAS;;;
TOYOTA TGMO CI-4 15W40 PETROLERO;;;
TOYOTA TGMO CI-4 15W40 PETROLERO;;;
GRASA VISTONY GRAFITADA PALIERES;;;
GRASA VISTONY EP-2 MULTIPROPOSITO;;;
GRASA VISTONY RODAMIENTOS H-3;;;
GRASA VISTONY EP-2 LITHIUM;;;
GRASA VISTONY EP2 LITHIUM MULTIPROPOSITO;;;
GRASA VISTONY  PARA PALIERES GRAFITADA;;;
LIQ. VISTONY DOT-3;;;
VISTONY ADITIVO PARA TRANSMISION ATF ;;;
VISTONY ADITIVO PARA DIRECCION HIDRAULICA;;;
VISTONY ADITIVO GEAR OIL;;;
VISTONY LIMPIA INYECTOR;;;
VISTONY AFLOJATODO;;;
VISTONY AFLOJATODO ZK-90;;;
VISTONY LUBRICATODO;;;
VISTONY 25W50;;;
VISTONY MOLIBDEND LITHIUM EP2;;;
VISTONY MUTURROL EMULSIONANTE;;;
VISTONY AIR COMPRESSOR OIL ISO 46;;;
VISTONY LUBE MULTIUSOS;;;
VISTONY LIMPIA CONTACTO;;;
VISTONY SILICONA LECHOSA AROMA CHICLE - FRESA;;;
VISTONY LIMPIA CARBURADOR;;;
VISTONY SILICONA PROTE. TRANS. AROMA FRESA;;;
VISTONY LIMPIA PARABRISAS;;;
VISTONY AGUA PARA BATERIA;;;
REPSOL MOTO TOWN 4T 20W50;;;
REPSOL RIDER 4T 20W50;;;
REPSOL RIDER 4T 20W50 IMPORTADO;;;
REPSOL MOTO HIGH MILEAGE 4T 25W60;;;
REPSOL DRIVER HIGH MILEAGE 20W50;;;
REPSOL LEADER NEO 20W50 SEMISINTETICO;;;
REPSOL ELITE 20W50;;;
REPSOL RP ELITE INJECTION 10W40;;;
REPSOL RP ELITE NEO 10W30;;;
REPSOL HIGH MILEAGE 25W60;;;
REPSOL DIESEL HIGH MILEAGE 25W60;;;
REPSOL DIESEL GIANT 15W40;;;
REPSOL DIESEL TURBO THPD 15W40;;;
REPSOL DIESEL MULTITURBO 25W50;;;
REPSOL ELITE EVA. FUEL ECON. 5W30;;;
REPSOL  LEAR NEO  5W30;;;
MOTUL 3000 20W50 4T;;;
MOTUL 5100 15W50 4T;;;
MOTUL 5100 10W30;;;
MOTUL NGEN 5 10W30;;;
MOTUL 7100 20W50 4T;;;
MOTUL 7100 10W40 4T;;;
MOTUL SCOOTER EXPERT MB 10W40 4T;;;
MOTUL 2000 20W50;;;
MOTUL 2100 10W30 PROTEC +;;;
MOTUL 2100 10W40 PROTEC;;;
MOTUL 2100 5W30 PROTEC ECO;;;
MOTUL 4100 PROTECT 10W40;;;
MOTUL MOTION 15W40;;;
MOTUL 8100 ECO-NERGY 5W30;;;
MOTUL 8100 X-CESS GEN 2  5W40;;;
MOTUL 8100 X-CESS GEN 2 5W40;;;
MOTUL 8100 X-CESS 5W40;;;
MOTUL 8100 X-CLEAN 5W40;;;
MOTUL 8100 ECO LITE 5W30;;;
MOTUL 8100 X- CLEAN EFE 5W30;;;
MOTUL TEKMA MEGA 15W40;;;
MOTUL SPECIFIC 948B 5W20 SINTETICO;;;
MOTUL ATF VI;;;
MOTUL ATF ;;;
MOTUL CVT ;;;
MOTUL SCTF TRANSM;;;
MOTUL DCTF TRANSM;;;
MOTUL GEAR 300 75W90 SINTETICO;;;
MOTUL GEAR 75W90 SEMI;;;
MOTUL GEAR 75W85 SEMI;;;
MOTUL GEAR 75W80 SEMI;;;
MOTUL ENGINE FLUSH AUTO;;;
MOTUL CAR CARE LIMPIA LLANTAS;;;
MOTUL FUEL SYSTEM CLEAN AUTO;;;
MOTUL ENGINE CLEAN;;;
MOTUL 300V POWER RAC 5W30;;;
MOTUL 300V CHRONO 10W40;;;
AGUA ACIDULADA BRINSTOIL;;;
AGUA P/ BATERIA VISTONY;;;
AGUA P/ BATERIA DINOSOL;;;
AGUA DESTILADA ;;;
AGUA ACIDULADA;;;
OSTOS ATF;;;
REFRIGERANTE DINOSOL 50/50;;;
REFRIGERANTE OILMEX;;;
REFRIGERANTE & ANTIOXIDANTE RACING COOLANT;;;
REFRIGERANTE VISTONY VERDE;;;
REFRIGERANTE VISTONY ROJO;;;
REFRIGERANTE 3M  33 %;;;
REFRIGERANTE CAM2 50/0;;;
REFRIGERANTE CAM2 17 %;;;
BUJIAS DENSO K16TR11 2 ELEC;;;
BUJIAS DENSOK16R-U11 1 ELEC;;;
BUJIAS NGK 1 ELEC;;;
MAXIMUN REFRIGERANTE VERDE 33% ;;;
MAXIMUN REFRIGERANTE VERDE HIBRIDO 33% ;;;
MAXIMUN REFRIGERANTE ROJO 50% ;;;
MAXIMUN REFRIGERENTE ECOAMIGABLE ICE BLUE ;;;
MAXIMUM REFRIGERENTE 50 % ROJO;;;
MAXIMUN SILICONA TABLERO CITRICO;;;
MAXIMUN SILICONA TABLERO COCHE;;;
ENVIRO 1000 DESENGRASANTE EN BASE DE AGUA;;;
GRASA AMALIE BLUE HI- TEMP - 2;;;
GRASA AMANLIE HD WHELL BEARING NLGI - 4;;;
AMALIE UNIVERSAL SYNTETICO CVT FLUIT;;;
AMALIE UNIVERSAL SYNTETICO GL5 75W90;;;
AMALIE DX III;;;
AMALIE PRO H.P SYN BLEND 5W30;;;
AMALIE PRO H.P SYN BLEND 10W30;;;
AMALIE PRO H.P SYN BLEND 10W40;;;
AMALIE IMPERIAL TURBO FORMULA 20W50;;;
AMALIE IMPERIAL TURBO FORMULA 15W40;;;
AMALIE ELIXIR FULL SYN 5W30;;;
DC LUBE INDUSTRIAL SAE 50;;;
DC LUBE INDUSTRIAL SAE 40;;;
DC LUBE TURBO VISKOUS CD SAE 50;;;
DC LUBE TURBO DIESEL CD SAE 40;;;
DC LUBE TURBO DIESEL CD SAE 50;;;
DC LUBE TRANSMISION GL1 90 ;;;
DC LUBE TRANSMISION GL1 140;;;
DC LUBE HYDFLUX-C AW 68 AMBAR;;;
DC LUBE HIDRAULICO AW 68 ROJO;;;
DC LUBE ATF ROJO;;;
DC LUBE HIDRAULICO AW 46 AMBAR;;;
DC LUBE HIDRAULICO AD 46 AMBAR ;;;
DC LUBE POWER MULTIGRADO SL 20W50;;;
DC LUBE POWER MULTIGRADO CH-4 25W60;;;
DC LUBE DIESEL PREMIUM CI-4 PLUS/SL 15W40 ;;;
DC LUBE DIESEL PREMIUM CK-4 15W40 ;;;
DC LUBE POWER MUL CF4 25W50;;;
DC LUBE POWER MULT CJ4 10W30 ;;;
DC LUBE DIESEL PREMIUM CH 4 15W40 ;;;
DC LUBE TRANSMISION GL5 80W90 ;;;
DC LUBE TRANSMISION GL5 85W140;;;
GRASA BRANEX 2 ;;;
ACEITE BASE SN 150;;;
ACEITE BASE OIL 600N;;;
ACEITE BASE L2000;;;
ACEITE BASE PALE 750;;;
GAT-1 OIL HIDRAULICO 68;;;
ACEITE HIDROLINA GRANEL;;;
TRANSMISION GL1 250 GRANEL;;;
ACEITE REFINADO;;;
VISTOIL GRASA CHASIS H-2 ROJO;;;
VISTOIL GRASA CHASIS H-2 AMARILLO ;;;
VISTOIL GRASA RODAJE H3 NEGRA;;;
SOZIL GRASA CHASIS H-2 ROJO;;;
BJR 25W60;;;
MTR 4T 20W50;;;
SILICONA MEGAGREY ;;;
LUBEXOL ATF TIPO 1;;;
VALVOLINE PREMIUM PROT. SEA 5W30 FULL SYN SP;;;
VALVOLINE PREMIUM PROT. SEA 10W30 SYNTHETIC SP;;;
VALVOLINE GAS POWER SAE 20W50 SN;;;
VALVOLINE MAXPOWER SAE 25W60 SL;;;
VALVOLINE CLASSIC SAE 20W50 SP;;;
VALVOLINE DIESEL E700 SAE 15W40 CI-4 PLUS;;;
GULF SUPER DIESEL PLUS 25W50 CF-4;;;
GULF SUPER DIESEL PLUS 25W60 CF-4;;;
GULF DIESEL PLUS 25W60 CF-4;;;
GULF MAX X 20W50;;;
GULF MULTI G 25W60;;;
GULF MP ATF III;;;
GULF GEAR MP 85W140 GL-5;;;
GULFCO FLEET L SAE 15W40;;;
GULFCO  15W40 BAL GAS;;;
GULF HARMONY AW 46;;;
GULF  GEAR MP SAE 80W90 85W140;;;
FEDERAL FALCON EXTRA DUTY SAE 15W40;;;
FEDERAL SUPER  CF-4/ SG  SAE 15W40;;;
PRESTONE VERDE ANTICONGELANTE AF2033 33%;;;
PRESTONE AZUL ANTICONGELANTE 33%;;;
PRESTONE CONCENTRADO HD;;;
PRESTONE 50/50 AF6210 ROJO;;;
PRESTONE 50/50 AF6310 AZUL;;;
PRESTONE 50/50 AF6610 VERDE;;;
PRESTONE 50/50 AF6800 AMARILLO;;;
PRESTONE 50/50 AF6110 EUROPEAN BLUE;;;
PRESTONE COMMAND 50/50 MORADO;;;
PRESTONE COMMAND 50/50 ROJO;;;
PRESTONE COMMAND 50/50 AF6400 ROSA;;;
PRESTONE DEXCOOL 50/50;;;
PRESTONE COMMAND NITRITE 50/50 AFC11100;;;
TOTAL POWER 25W60;;;
TOTAL RUBIA 40 5AGP;;;
TOTAL RUBIA GAS 5M 15W40;;;
TOTAL RUBIA TIR 7400 15W40;;;
TOTAL RUBIA CK -4 15W40;;;
TOTAL TRANS. AXLE 7 85W140;;;
TOTAL TRANS. AXLE 7 80W90;;;
TOTAL CLASSIC 20W50;;;
TOTAL QUARTZ  20W50;;;
TOTAL QUARTZ 5W30;;;
TOTAL QUARTZ 9000 FUTURE XT 5W30;;;
TOTAL QUARTZ 5000 SN 20W50;;;
TOTAL AZOLLA ZS 6/8;;;
FRENOSA RAP LISTO PARA USAR 33%;;;
FRENOSA RAP LISTO PREMIUM 50/50;;;
FRENOSA CONCENTRADO;;;
FRENOSA GRASA PREMIUM MP2;;;
FRENOSA GRASA PREMIUM MP3;;;
PECSA LUBRIMAX DIESEL 25W50 CF4 /SG;;;
PECSA LUBRIMAX DIESEL SAE 50 CF2;;;
PECSA LUBRIMAX DIESEL SAE 40 CF2;;;
PECSA LUBRIMAX DIESEL 25W60 CF4 /SG;;;
LUBRIMAX GASOLINERO 25W60;;;
BLP PREMIUM DEF;;;
AMERICAN DIPOWER TURBO 25W60 CF-4;;;
AMERICAN DIPOWER PREMIUM 15W40 CI-4 PLUS;;;
LIQUI MOLY SPECIAL TEC AA 0W20;;;
LIQUI MOLY TOURING HIGH TECH 20W50;;;
LIQUI MOLY TOURING HIGH TECH 15W40;;;
LIQUI MOLY MOLYGEN NEW GENERATION 10W30;;;
LIQUI MOLY MOLYGEN NEW GENERATION DPF 5W30;;;
LIQUI MOLY SPECIAL TEC AA 5W30;;;
LIQUI MOLY SPECIAL TEC AA 10W30  BENZIN;;;
LIQUI MOLY LEICHTLAUF 10W40 HD;;;
LIQUI MOLY LEICHTLAUF 5W30;;;
LIQUI MOLY TOP TEC 4100 5W40;;;
LIQUI MOLY SYNTHOIL RACE TECH GT1 10W60;;;
LIQUI MOLY SYNTHOIL HIGH TECH 5W40;;;
LIQUI MOLY TOP TEC 4300 5W30;;;
LIQUI MOLY TOP TEC 4200 5W30;;;
LIQUI MOLY LONG TIME HIGH TECH 5W30;;;
LIQUI MOLY REFRI. RADIATOR ANTIFREEZE KFS 12 EVO;;;
LIQUI MOLY REFRI. RADIATOR ANTIFREEZE KFS 12 +;;;
LIQUI MOLY ENGINE FLUSH;;;
LIQUI MOLY OIL SMOKE STOP;;;
LIQUI MOLY HYDRO-STOSSEL-ADDITIV;;;
LIQUI MOLY OIL ADDITIV;;;
LIQUI MOLY OIL VERLUST STOP;;;
LIQUI MOLY INJECTION REINIGER GASOLINA;;;
LIQUI MOLY SUPER DIESEL ADDITIV;;;
LIQUI MOLY CERA TEC/ADITIVO PARA ACEITE;;;
LIQUI MOLY DIESEL SYSTEMPFLEGE;;;
LIQUI MOLY CATALYC SYSTEM CLEANER;;;
LIQUI MOLY OCTANE BOOSTER;;;
LIQUI MOLY VENTIL SAUBER;;;
LIQUI MOLY ATF ADDITIVE;;;
LIQUI MOLY HYBRID ADDITIVE;;;
LIQUI MOLY MOLYGEN MOTOR PROTECT;;;
LIQUI MOLY RADIATOR CLEANER;;;
LIQUI MOLY MOTORBIKE 4T 10W40 ;;;
LIQUI MOLY MOTORBIKE 4T 15W50 ;;;
LIQUI MOLY MOTORNIKE 4T SYNTEH 5W40 RACE ;;;
FRENOSA DOT 3;;;
FRENOSA DOT 4;;;
FRENOSA DOT 5.1;;;
WAGNER LIQ FRENO DOT3;;;
WAGNER LIQ FRENO DOT4;;;
KEMOLY GASOLINERO;;;
KEMOLY PETROLERO;;;
KEMOLY MOTOR FLUSH;;;
KEMOLY SELLAGRIETAS;;;
REFRIGERANTE PEAK VERDE CLIMATIZADO 33%;;;
REFRIGERANTE PEAK TROPICALIZADO 17%;;;
REFRIGERANTE PEAK FULL CONCENTRADO 96%;;;
REFRIGERANTE PEAK LONG LIFE 50%;;;
GRASA CALCIO NLGI 2 ( CATUSITA);;;
MAXXOIL  DIESEL CD 50;;;
VISTONY LIMPIA CARBURADOR CHOKE CLEAN X550;;;
LIMPIA CARBURADOR ;;;
AUXILIAR DE ARRANQUE;;;
DINOSOL LIMPIA PARABRISAS;;;
ANTIOXIDANTE;;;
SILICONA DINOSOL PARA  CUEROS VINYL PROTECTANT;;;
SELLADOR DE RADIADOR DINOSOL;;;
SILICONA MEGA GREY;;;
ABRO DIESEL FUEL TREATMENT;;;
ABRO SILICONA GRIS 999 AB;;;
SILICONA DE TABLERO 3M;;;
RENOVADO DE LLANTA 3M;;;
VISKOSIL  SILICONA PTROTECTORA FRESA;;;
LUBEXSOL ATF;;;
BARDAHL B2 BOTELLA 12 onz;;;
BARDAHL B2 LATA 15 onz;;;
BARDAHL B2;;;
BARDAHL B1;;;
BARDAHL DIESEL +;;;
BARBAHL LIMPIA INFECCTORES GASOLINEROS;;;
BARDAHL LIMPIA INYECTORES DIESEL;;;
BARDAHL LIMPIA INYECTORES GASOLINEROS;;;
FILTRO WILLY BUSCH AE - 17801  ;;;
FILTRO WILLY BUSCH AE - 1031  ;;;
FILTRO WILLY BUSCH AE - 1100  ;;;
FILTRO WILLY BUSCH AE - 145  ;;;
FILTRO WILLY BUSCH AE - 146  ;;;
FILTRO WILLY BUSCH AE - 30070  ;;;
FILTRO WILLY BUSCH AE - 2003G  ;;;
FILTRO WILLY BUSCH AE - 2016G  ;;;
FILTRO WILLY BUSCH AE - 2024G  ;;;
FILTRO WILLY BUSCH AE - 2052G  ;;;
FILTRO WILLY BUSCH AE - 2053G  ;;;
FILTRO WILLY BUSCH AE - 2058G  ;;;
FILTRO WILLY BUSCH AE - 21030  ;;;
FILTRO WILLY BUSCH AE - 21050  ;;;
FILTRO WILLY BUSCH AE - 250  ;;;
FILTRO WILLY BUSCH AE - 2730  ;;;
FILTRO WILLY BUSCH AE - 28113 G6000  ;;;
FILTRO WILLY BUSCH AE - 323  ;;;
FILTRO WILLY BUSCH AE - 342 G  ;;;
FILTRO WILLY BUSCH AE - 462  ;;;
FILTRO WILLY BUSCH AE - 462 G  ;;;
FILTRO WILLY BUSCH AE - 463 G  ;;;
FILTRO WILLY BUSCH AE - 4495  ;;;
FILTRO WILLY BUSCH AE - 4504  ;;;
FILTRO WILLY BUSCH AE - 465  ;;;
FILTRO WILLY BUSCH AE - 467  ;;;
FILTRO WILLY BUSCH AE - 4801  ;;;
FILTRO WILLY BUSCH AE - 5015  ;;;
FILTRO WILLY BUSCH AE - 5151  ;;;
FILTRO WILLY BUSCH AE - 5496  ;;;
FILTRO WILLY BUSCH AE - 5497  ;;;
FILTRO WILLY BUSCH AE - 5498  ;;;
FILTRO WILLY BUSCH AE - 600  ;;;
FILTRO WILLY BUSCH AE - 6020  ;;;
FILTRO WILLY BUSCH AE - 608  ;;;
FILTRO WILLY BUSCH AE - 620  ;;;
FILTRO WILLY BUSCH AE - 631  ;;;
FILTRO WILLY BUSCH AE - 636  ;;;
FILTRO WILLY BUSCH AE - 8040 T  ;;;
FILTRO WILLY BUSCH AE - 8130  ;;;
FILTRO WILLY BUSCH AE - 8131  ;;;
FILTRO WILLY BUSCH AE - 8305  ;;;
FILTRO WILLY BUSCH AE - 900  ;;;
FILTRO WILLY BUSCH AE - 911  ;;;
FILTRO WILLY BUSCH BAE - 1019  ;;;
FILTRO WILLY BUSCH BAE - 1020  ;;;
FILTRO WILLY BUSCH BAE - 1024  ;;;
FILTRO WILLY BUSCH BAE - 1050  ;;;
FILTRO WILLY BUSCH BAE - 1054  ;;;
FILTRO WILLY BUSCH BAE - 112  ;;;
FILTRO WILLY BUSCH BAE - 1120  ;;;
FILTRO WILLY BUSCH BAE - 1130  ;;;
FILTRO WILLY BUSCH BAE - 1131  ;;;
FILTRO WILLY BUSCH BAE - 1201  ;;;
FILTRO WILLY BUSCH BAE - 1205  ;;;
FILTRO WILLY BUSCH BAE - 1206  ;;;
FILTRO WILLY BUSCH BAE - 1207 SR  ;;;
FILTRO WILLY BUSCH BAE - 1347  ;;;
FILTRO WILLY BUSCH BAE - 1424 SR  ;;;
FILTRO WILLY BUSCH BAE - 1586882  ;;;
FILTRO WILLY BUSCH BAE - 159 SR  ;;;
FILTRO WILLY BUSCH BAE - 184  ;;;
FILTRO WILLY BUSCH BAE - 1862 JUEGO  ;;;
FILTRO WILLY BUSCH BAE - 194 SR  ;;;
FILTRO WILLY BUSCH BAE - 283 PRIMARIO  ;;;
FILTRO WILLY BUSCH BAE - 2010  ;;;
FILTRO WILLY BUSCH BAE - 2065  ;;;
FILTRO WILLY BUSCH BAE - 2401  ;;;
FILTRO WILLY BUSCH BAE - 2940 SR  ;;;
FILTRO WILLY BUSCH BAE - 3821 SR  ;;;
FILTRO WILLY BUSCH BAE - 4031  ;;;
FILTRO WILLY BUSCH BAE - 4032  ;;;
FILTRO WILLY BUSCH BAE - 4072  ;;;
FILTRO WILLY BUSCH BAE - 475081  ;;;
FILTRO WILLY BUSCH BAE - 4972  ;;;
FILTRO WILLY BUSCH BAE - 502  ;;;
FILTRO WILLY BUSCH BAE - 504  ;;;
FILTRO WILLY BUSCH BAE - 5050  ;;;
FILTRO WILLY BUSCH BAE - 508 SR  ;;;
FILTRO WILLY BUSCH BAE - 512  ;;;
FILTRO WILLY BUSCH BAE - 512 SECUNDARIO  ;;;
FILTRO WILLY BUSCH BAE - 512 JUEGO  ;;;
FILTRO WILLY BUSCH BAE - 513 SECUNDARIO  ;;;
FILTRO WILLY BUSCH BAE - 513 PRIMARIO  ;;;
FILTRO WILLY BUSCH BAE - 513 JUEGO  ;;;
FILTRO WILLY BUSCH BAE - 516  ;;;
FILTRO WILLY BUSCH BAE - 524  ;;;
FILTRO WILLY BUSCH BAE - 525 PRIMARIO  ;;;
FILTRO WILLY BUSCH BAE - 525 JUEGO  ;;;
FILTRO WILLY BUSCH BAE - 525 SECUNDARIO  ;;;
FILTRO WILLY BUSCH BAE - 529  ;;;
FILTRO WILLY BUSCH BAE - 533  ;;;
FILTRO WILLY BUSCH PSHFA - 5347 SR JUEGO  ;;;
FILTRO WILLY BUSCH BAE - 536  ;;;
FILTRO WILLY BUSCH BAE - 537  ;;;
FILTRO WILLY BUSCH BAE - 538 COMPLETO  ;;;
FILTRO WILLY BUSCH BAE - 5386  ;;;
FILTRO WILLY BUSCH BAE - 5386 SECUNDARIO  ;;;
FILTRO WILLY BUSCH BAE - 5386 COMPLETO  ;;;
FILTRO WILLY BUSCH BAE - 542  ;;;
FILTRO WILLY BUSCH BAE - 542 - S SECUNDARIO  ;;;
FILTRO WILLY BUSCH BAE - 544 SR  ;;;
FILTRO WILLY BUSCH BAE - 558  ;;;
FILTRO WILLY BUSCH BAE - 5628 SR JUEGO  ;;;
FILTRO WILLY BUSCH BAE - 568  ;;;
FILTRO WILLY BUSCH BAE - 572 SR  ;;;
FILTRO WILLY BUSCH BAE - 575 SR  ;;;
FILTRO WILLY BUSCH BAE - 579 SR JUEGO  ;;;
FILTRO WILLY BUSCH BAE - 588  ;;;
FILTRO WILLY BUSCH BAE - 595 SR  ;;;
FILTRO WILLY BUSCH BAE - 601 SR  ;;;
FILTRO WILLY BUSCH BAE - 609  ;;;
FILTRO WILLY BUSCH BAE - 631  ;;;
FILTRO WILLY BUSCH BAE - 636 COMPLETO  ;;;
FILTRO WILLY BUSCH BAE - 642SR  ;;;
FILTRO WILLY BUSCH BAE - 642S  ;;;
FILTRO WILLY BUSCH BAE - 653  ;;;
FILTRO WILLY BUSCH BAE - 6741  ;;;
FILTRO WILLY BUSCH BAE - 6900  ;;;
FILTRO WILLY BUSCH BAE - 6902  ;;;
FILTRO WILLY BUSCH BAE - 6903  ;;;
FILTRO WILLY BUSCH BAE - 7242 SR  ;;;
FILTRO WILLY BUSCH BAE - 8114  ;;;
FILTRO WILLY BUSCH BAE - 9014  ;;;
FILTRO WILLY BUSCH BAE - 9852  ;;;
FILTRO WILLY BUSCH PSHFA - 1938 SR JUEGO  ;;;
FILTRO WILLY BUSCH BLS - 1000  ;;;
FILTRO WILLY BUSCH BLS - 1001  ;;;
FILTRO WILLY BUSCH BLS - 1007  ;;;
FILTRO WILLY BUSCH BLS - 1008  ;;;
FILTRO WILLY BUSCH BLS - 1010  ;;;
FILTRO WILLY BUSCH BLS - 1018  ;;;
FILTRO WILLY BUSCH BLS - 1100  ;;;
FILTRO WILLY BUSCH BLS - 111  ;;;
FILTRO WILLY BUSCH BLS - 112  ;;;
FILTRO WILLY BUSCH BLS - 14  ;;;
FILTRO WILLY BUSCH BLS - 1446  ;;;
FILTRO WILLY BUSCH BLS - 1447  ;;;
FILTRO WILLY BUSCH BLS - 16015  ;;;
FILTRO WILLY BUSCH BLS - 1-A  ;;;
FILTRO WILLY BUSCH BLS - 200  ;;;
FILTRO WILLY BUSCH BLS - 260  ;;;
FILTRO WILLY BUSCH BLS - 27  ;;;
FILTRO WILLY BUSCH BLS - 270  ;;;
FILTRO WILLY BUSCH BLS - 3001  ;;;
FILTRO WILLY BUSCH BLS - 3002  ;;;
FILTRO WILLY BUSCH BLS - 3003 N  ;;;
FILTRO WILLY BUSCH BLS - 3005  ;;;
FILTRO WILLY BUSCH BLS - 3006  ;;;
FILTRO WILLY BUSCH BLS - 3007  ;;;
FILTRO WILLY BUSCH BLS - 3008  ;;;
FILTRO WILLY BUSCH BLS - 3010  ;;;
FILTRO WILLY BUSCH BLS - 3010-A  ;;;
FILTRO WILLY BUSCH BLS - 3011  ;;;
FILTRO WILLY BUSCH BLS - 32  ;;;
FILTRO WILLY BUSCH BLS - 38  ;;;
FILTRO WILLY BUSCH BLS - 4013  ;;;
FILTRO WILLY BUSCH BLS - 466634  ;;;
FILTRO WILLY BUSCH BLS - 5 E  ;;;
FILTRO WILLY BUSCH BLS - 51  ;;;
FILTRO WILLY BUSCH BLS - 54  ;;;
FILTRO WILLY BUSCH BLS - 506  ;;;
FILTRO WILLY BUSCH BLS - 519  ;;;
FILTRO WILLY BUSCH BLS - 601  ;;;
FILTRO WILLY BUSCH BLS - 603 N  ;;;
FILTRO WILLY BUSCH BLS - 604  ;;;
FILTRO WILLY BUSCH BLS - 615  ;;;
FILTRO WILLY BUSCH BLS - 63  ;;;
FILTRO WILLY BUSCH BLS - 68  ;;;
FILTRO WILLY BUSCH BLS - 682-A  ;;;
FILTRO WILLY BUSCH HFL - 74 A  ;;;
FILTRO WILLY BUSCH BLS - 74N  ;;;
FILTRO WILLY BUSCH BLS - 800  ;;;
FILTRO WILLY BUSCH BLS - 802-A  ;;;
FILTRO WILLY BUSCH BLS - 82  ;;;
FILTRO WILLY BUSCH BLS - 833  ;;;
FILTRO WILLY BUSCH BLS - 833-N  ;;;
FILTRO WILLY BUSCH BLS - 838  ;;;
FILTRO WILLY BUSCH BLS - 8616  ;;;
FILTRO WILLY BUSCH BLS - 87  ;;;
FILTRO WILLY BUSCH BLS - 877  ;;;
FILTRO WILLY BUSCH BLS - 9  ;;;
FILTRO WILLY BUSCH BLS - 916  ;;;
FILTRO WILLY BUSCH BPS - 15  ;;;
FILTRO WILLY BUSCH BPS - 150  ;;;
FILTRO WILLY BUSCH BPS - 1332  ;;;
FILTRO WILLY BUSCH BPS - 265  ;;;
FILTRO WILLY BUSCH BPS - 304  ;;;
FILTRO WILLY BUSCH BPS - 305  ;;;
FILTRO WILLY BUSCH BPS - 354  ;;;
FILTRO WILLY BUSCH BPS - 355  ;;;
FILTRO WILLY BUSCH BPS - 356  ;;;
FILTRO WILLY BUSCH BPS - 521  ;;;
FILTRO WILLY BUSCH BPS - 570  ;;;
FILTRO WILLY BUSCH BPS - 571  ;;;
FILTRO WILLY BUSCH BSP - 68  ;;;
FILTRO WILLY BUSCH BPS - 8125339  ;;;
FILTRO WILLY BUSCH BPS - 829  ;;;
FILTRO WILLY BUSCH BPS - 8220  ;;;
FILTRO WILLY BUSCH BPS - 877  ;;;
FILTRO WILLY BUSCH HFF - 831  ;;;
FILTRO WILLY BUSCH HFF - 466987  ;;;
FILTRO WILLY BUSCH BLE - 15  ;;;
FILTRO WILLY BUSCH BLE - 1891  ;;;
FILTRO WILLY BUSCH BLE - 312  ;;;
FILTRO WILLY BUSCH BLE - 58  ;;;
FILTRO WILLY BUSCH BLE - 79E  ;;;
FILTRO WILLY BUSCH BLE - 2200  ;;;
FILTRO WILLY BUSCH BPE - 108  ;;;
FILTRO WILLY BUSCH BPE - 150  ;;;
FILTRO WILLY BUSCH BPE - 200  ;;;
FILTRO WILLY BUSCH BPE - 90100 IM  ;;;
FILTRO WILLY BUSCH BPE - 202  ;;;
FILTRO WILLY BUSCH HWP - 0690  ;;;
FILTRO WILLY BUSCH HWS - 069 HD  ;;;
FILTRO WILLY BUSCH HWP - 0691  ;;;
FILTRO WILLY BUSCH HWP - 1251  ;;;
FILTRO WILLY BUSCH HWP - 1280  ;;;
FILTRO WILLY BUSCH HWP - 523 P  ;;;
FILTRO WILLY BUSCH HWP - 525  ;;;
FILTRO WILLY BUSCH HWP - 0697  ;;;
FILTRO WILLY BUSCH HWP - 7015P  ;;;
FILTRO WILLY BUSCH HWP - 90A  ;;;
FILTRO WILLY BUSCH HWP - 90P  ;;;
FILTRO WILLY BUSCH HWS - 90PHD  ;;;
FILTRO WILLY BUSCH HFA - 2940 SR  ;;;
FILTRO WILLY BUSCH HFA - 3382 SR  ;;;
FILTRO WILLY BUSCH HFL - 4008  ;;;
FILTRO WILLY BUSCH HFL - 4007  ;;;
FILTRO WILLY BUSCH HFL - 4009  ;;;
FILTRO WILLY BUSCH HFL - 477556  ;;;
FILTRO WILLY BUSCH HFL - 9054 - 1188  ;;;
FILTRO WILLY BUSCH PSHFA - 185SR JUEGO  ;;;
FILTRO WILLY BUSCH CPO - 8301  ;;;
FILTRO LYS AFC - 3205;;;
FILTRO LYS AFL - 040;;;
FILTRO LYS AFL - 1030;;;
FILTRO LYS AFL - 1019 HD;;;
FILTRO LYS AFL - 1054;;;
FILTRO LYS AFL - 1131 HD;;;
FILTRO LYS AFL - 1134;;;
FILTRO LYS AFL - 1201 HD;;;
FILTRO LYS AFL - 1204 HD;;;
FILTRO LYS AFL - 1205 HD;;;
FILTRO LYS AFL - 1208;;;
FILTRO LYS AFL - 1207 HD;;;
FILTRO LYS AFL - 1131 HD;;;
FILTRO LYS AFL - 1347 HD;;;
FILTRO LYS AFL - 145 J G;;;
FILTRO LYS AFL - 145J;;;
FILTRO LYS AFL - 146J;;;
FILTRO LYS AFL - 1524 HD;;;
FILTRO LYS AFL - 2000;;;
FILTRO LYS AFL - 2001;;;
FILTRO LYS AFL - 2002;;;
FILTRO LYS AFL - 2003;;;
FILTRO LYS AFL - 2008;;;
FILTRO LYS AFL - 2012;;;
FILTRO LYS AFL - 2016;;;
FILTRO LYS AFL - 2016 GAS;;;
FILTRO LYS AFL - 2024;;;
FILTRO LYS AFL - 2047;;;
FILTRO LYS AFL - 2058;;;
FILTRO LYS AFL - 2058 GAS;;;
FILTRO LYS AFL - 2059;;;
FILTRO LYS AFL - 2065 HD;;;
FILTRO LYS AFL - 2084;;;
FILTRO LYS AFL - 2093;;;
FILTRO LYS AFL - 21050;;;
FILTRO LYS AFL - 2202;;;
FILTRO LYS AFL - 2093;;;
FILTRO LYS AFL - 2303;;;
FILTRO LYS AFL - 23603;;;
FILTRO LYS AFL - 2601 HD;;;
FILTRO LYS AFL - 2813 HD;;;
FILTRO LYS AFL - 302;;;
FILTRO LYS ALF - 3112;;;
FILTRO LYS AFL - 3710;;;
FILTRO LYS AFL - 3736;;;
FILTRO LYS AFL - 4031 HD;;;
FILTRO LYS AFL - 4183;;;
FILTRO LYS AFL - 462;;;
FILTRO LYS AFL - 462 GAS;;;
FILTRO LYS AFL - 4650;;;
FILTRO LYS AFL - 4801 HD;;;
FILTRO LYS AFL - 4810 HD;;;
FILTRO LYS ALF - 5005;;;
FILTRO LYS ALF - 5050;;;
FILTRO LYS AFL - 5500HD;;;
FILTRO LYS AFL - 6730 HD;;;
FILTRO LYS AFL - 6900 HD;;;
FILTRO LYS AFL - 6901 HD;;;
FILTRO LYS AFL - 6902;;;
FILTRO LYS AFL - 6903 HD;;;
FILTRO LYS AFL - 9501HD;;;
FILTRO LYS AFL - 9695 HD;;;
FILTRO LYS AFL - 9696;;;
FILTRO LYS L - 1200;;;
FILTRO LYS L - 310;;;
FILTRO LYS L - 312;;;
FILTRO LYS L - 9227;;;
FILTRO LYS LF - 1008;;;
FILTRO LYS LF - 1;;;
FILTRO LYS LF - 1-A;;;
FILTRO LYS LF - 111;;;
FILTRO LYS LF - 1168;;;
FILTRO LYS LF - 1446;;;
FILTRO LYS LF - 1616;;;
FILTRO LYS LF - 177;;;
FILTRO LYS LF - 260;;;
FILTRO LYS LF - 682;;;
FILTRO LYS LF - 27;;;
FILTRO LYS LF - 270;;;
FILTRO LYS LF - 300;;;
FILTRO LYS LF - 3000;;;
FILTRO LYS LF - 3001;;;
FILTRO LYS LF - 3002;;;
FILTRO LYS LF - 3003;;;
FILTRO LYS LF - 3005;;;
FILTRO LYS LF - 3006;;;
FILTRO LYS LF - 3007;;;
FILTRO LYS LF - 3010;;;
FILTRO LYS LF - 32;;;
FILTRO LYS LF - 3401;;;
FILTRO LYS LF - 38;;;
FILTRO LYS LF - 4013 - S;;;
FILTRO LYS LF - 466604;;;
FILTRO LYS LF - 466634;;;
FILTRO LYS LF - 54;;;
FILTRO LYS LF - 506;;;
FILTRO LYS LF - 5512;;;
FILTRO LYS LF - 601;;;
FILTRO LYS LF - 604;;;
FILTRO LYS LF - 604- A;;;
FILTRO LYS LF - 615;;;
FILTRO LYS LF - 67;;;
FILTRO LYS LF - 6007;;;
FILTRO LYS LF - 8;;;
FILTRO LYS LF - 80;;;
FILTRO LYS LF - 833;;;
FILTRO LYS LF - 833N;;;
FILTRO LYS LF - 838;;;
FILTRO LYS LF - 9;;;
FILTRO LYS LF - 916;;;
FILTRO LYS LF - 9604;;;
FILTRO LYS LFP - 132;;;
FILTRO LYS LFP - 1332;;;
FILTRO LYS LFP - 150 NX;;;
FILTRO LYS LFP - 2330;;;
FILTRO LYS LFP - 265;;;
FILTRO LYS LFP - 304;;;
FILTRO LYS LFP - 305 NX;;;
FILTRO LYS LFP - 3192 NX;;;
FILTRO LYS LFP - 354;;;
FILTRO LYS LFP - 355;;;
FILTRO LYS LFP - 356 NX;;;
FILTRO LYS LFP - 357 NX;;;
FILTRO LYS LFP - 42;;;
FILTRO LYS LFP - 466987;;;
FILTRO LYS LFP - 5138;;;
FILTRO LYS LFP - 521;;;
FILTRO LYS LFP - 522;;;
FILTRO LYS LFP - 571;;;
FILTRO LYS LFP - 544;;;
FILTRO LYS LFP - 68;;;
FILTRO LYS LFP - 796 NX;;;
FILTRO LYS LFP - 829;;;
FILTRO LYS LFP - 8220;;;
FILTRO LYS LFP - 877;;;
FILTRO LYS LP - 9010;;;
FILTRO LYS LP - 715;;;
FILTRO LYS LFG - 120;;;
FILTRO LYS LFG - 2100;;;
FILTRO LYS LFG - 1200;;;
FILTRO LYS LFWP  - 9000;;;
FILTRO LYS LFW - 2237;;;
FILTRO LYS LFWP - 1251;;;
FILTRO LYS LWP - 2040P;;;
FILTRO LYS L - 1200;;;
FILTRO LYS L - 2200;;;
FILTRO IHA - OSNO1  ;;;
FILTRO OCO10  ;;;
FILTRO 1109120 - SN01  ;;;
FILTRO 1109120 - FA01  ;;;
FILTRO 1109120 - SA02  ;;;
FILTRO 1109120 FK03  ;;;
FILTRO 1109013 - Y01  ;;;
FILTRO 6Y0129620  ;;;
FILTRO 9041833  ;;;
FILTRO 90799322 (SAF -L-5711)  ;;;
FILTRO 13780 - 61j00  ;;;
FILTRO 13780 - 73R00  ;;;
FILTRO 13780 - 74L00  ;;;
FILTRO 13780 - 82J00  ;;;
FILTRO 1500A687  ;;;
FILTRO 1500A098  ;;;
FILTRO 15208 - 31U00  ;;;
FILTRO 15601 - 78140  ;;;
FILTRO 16546 - 1HK0A  ;;;
FILTRO 16546 - ED500  ;;;
FILTRO 16546 - Y0100  ;;;
FILTRO 16546 - V0100  ;;;
FILTRO 16546 - 73C10  ;;;
FILTRO 16546 - 75000  ;;;
FILTRO 16546 - 7674R  ;;;
FILTRO 16546 - 9466 R  ;;;
FILTRO 17801 - BZ050  ;;;
FILTRO 17801 - BZ110  ;;;
FILTRO 17801 - BZ200  ;;;
FILTRO 17801 - 0Y040  ;;;
FILTRO 17801 - 0l040  ;;;
FILTRO 17801 - 11090  ;;;
FILTRO 17801 - 11100  ;;;
FILTRO 17801 - 15060  ;;;
FILTRO 17801 - 15070  ;;;
FILTRO 17801 - 21030  ;;;
FILTRO 17801 - 21050  ;;;
FILTRO 17801 - 22020  ;;;
FILTRO 17801 - 30070  ;;;
FILTRO 17801 - 31160  ;;;
FILTRO 17801 - 74020  ;;;
FILTRO 17801 - 78110  ;;;
FILTRO 17801 - 370070  ;;;
FILTRO 17801- 11090  ;;;
FILTRO 23390 - 0l010  ;;;
FILTRO 24512521 - LCH1 N200-N301  ;;;
FILTRO 23390 - 0l041  ;;;
FILTRO 24542521 N300 - 200  ;;;
FILTRO 24552164 B  ;;;
FILTRO 26300 - 35501  ;;;
FILTRO 28113 - B4000  ;;;
FILTRO 28113 - 1R100  ;;;
FILTRO 28113 - 1W000  ;;;
FILTRO 28113 - 3X000  ;;;
FILTRO 28113 - 4X000  ;;;
FILTRO 28113 - ADO10  ;;;
FILTRO 28113 - 4F000  ;;;
FILTRO 28113 - C7000  ;;;
FILTRO 28113 - 4H000  ;;;
FILTRO 28113 - 04000 - WA 72247  ;;;
FILTRO 28113 - A9100  ;;;
FILTRO 28113 - H9100 STP  ;;;
FILTRO 28113 - D3000  ;;;
FILTRO 28113 - D3300 STP  ;;;
FILTRO 28113 - D3300 USE PARTS  ;;;
FILTRO 28113 - F2000  ;;;
FILTRO 28113 - 1G000 STP  ;;;
FILTRO 28113 - 2W100  ;;;
FILTRO 28113 - 37101  ;;;
FILTRO 28113 - 2G000  ;;;
FILTRO 28113 - 22051  ;;;
FILTRO 28113 - 32510  ;;;
FILTRO 28113 - 08000  ;;;
FILTRO 28113 - 59000  ;;;
FILTRO 8V219601AA  ;;;
FILTRO 90915 - 10001  ;;;
FILTRO SD 1109100  ;;;
FILTRO 90915 - YZZD2  ;;;
FILTRO 96950990  ;;;
FILTRO CN11 - 9601 - AD  ;;;
FILTRO 23390 - 0L070  ;;;
FILTRO 31922 - 3E000  ;;;
FILTRO 23304 - 78221  ;;;
FILTRO 23304 - 78091  ;;;
FILTRO AAF - 77A00  ;;;
FILTRO AAF - 53M00G  ;;;
FILTRO AAF - 1109013  ;;;
FILTRO MIX40 11 - 16546 - 1HK0A  ;;;
FILTRO SAKURA F - 1111  ;;;
FILTRO BOSCH N - 2115  ;;;
FILTRO FEELTGUARD  ;;;
FILTRO MAN N WK 1060/1  ;;;
FILTRO MAN N W11 102/36  ;;;
FILTRO BOSCH N-4310  ;;;
FILTRO MAN N WK - 1040  ;;;
FILTRO BOSCH N2828  ;;;
FILTRO FEELTGUARD LF-670  ;;;
PEAK SEMI SYNTH SN/GF-5 10W30;;;
PEAK FULL SYNTHETIC 5W20;;;
PEAK FULL SYNTHETIC 5W40;;;
PEAK HEAVY DUTY SAE 15W40 CK/4;;;
PEAK HEAVY DUTY SAE 15W40 CI;;;
PEAK HEAVY DUTY LPG CF 15W40;;;
PEAK TCW3-2 CYCLE OUTBOARD OIL;;;
PEAK 4T SAE 20W50;;;
PEAK GEAR GL-5 85W140;;;
PEAK GEAR GL-5 80W90;;;
PEAK DEXRON III;;;
